,ID,Team,GPA,# Grds,Crd Hrs
count,812.0,812.0,812.0,812.0,812.0
mean,501.04556650246303,10.557881773399014,3.868879310344828,22.176108374384235,739.9058128078818
std,299.3045768672954,5.499947265373266,0.1762651299044679,2.1474087566224003,53.09374880319947
min,1.0,1.0,3.27,4.0,150.0
25%,241.75,6.0,3.75,21.0,730.04
50%,486.5,11.0,3.88,23.0,754.04
75%,758.5,15.0,4.0,24.0,754.04
max,1057.0,21.0,4.28,27.0,922.04
